{"rmse": 294.6952269208703, "mae": 183.582397292171}