{"rmse": 200.31143913597504, "mae": 108.72423056553328}